employee_id,plane_user_id,name,role,grade,experience_years,primary_stack,skills,current_workload,active_tasks_count,avg_completion_speed,avg_quality_score,deadline_reliability,learning_goals,mentor_level,availability,timezone
EMP-001,,Анна Смирнова,backend_developer,junior,0.7,backend_python,"{""API Design"": 2, ""CI/CD"": 2, ""Data Analysis"": 0, ""Django"": 2, ""Docker"": 2, ""FastAPI"": 1, ""HTML/CSS"": 2, ""Kubernetes"": 0, ""Machine Learning"": 0, ""Monitoring"": 0, ""Next.js"": 2, ""PostgreSQL"": 2, ""PyTorch"": 0, ""Python"": 1, ""React"": 2, ""Redis"": 2, ""Security"": 1, ""System Design"": 2, ""Testing"": 1, ""TypeScript"": 0, ""backend_architecture"": 0, ""code_review"": 1, ""communication"": 2, ""data_pipelines"": 2, ""devops_operations"": 0, ""documentation"": 2, ""frontend_architecture"": 0, ""mentoring"": 2, ""ml_experimentation"": 1, ""ownership"": 2, ""planning"": 1, ""product_thinking"": 0, ""qa_strategy"": 0, ""risk_management"": 1, ""team_coordination"": 0}",0.629,4,0.639,0.703,0.615,"[""FastAPI"", ""Python"", ""Redis"", ""documentation""]",0,available,Europe/Berlin
EMP-002,,Иван Петров,backend_developer,junior,1.1,backend_python,"{""API Design"": 1, ""CI/CD"": 1, ""Data Analysis"": 0, ""Django"": 0, ""Docker"": 3, ""FastAPI"": 2, ""HTML/CSS"": 0, ""Kubernetes"": 0, ""Machine Learning"": 2, ""Monitoring"": 1, ""Next.js"": 0, ""PostgreSQL"": 2, ""PyTorch"": 0, ""Python"": 2, ""React"": 1, ""Redis"": 1, ""Security"": 1, ""System Design"": 2, ""Testing"": 2, ""TypeScript"": 2, ""backend_architecture"": 0, ""code_review"": 1, ""communication"": 1, ""data_pipelines"": 0, ""devops_operations"": 0, ""documentation"": 1, ""frontend_architecture"": 0, ""mentoring"": 0, ""ml_experimentation"": 0, ""ownership"": 1, ""planning"": 0, ""product_thinking"": 1, ""qa_strategy"": 1, ""risk_management"": 0, ""team_coordination"": 2}",0.597,7,0.669,0.621,0.612,"[""API Design"", ""PostgreSQL"", ""Redis""]",1,available,Europe/Berlin
EMP-003,,Мария Кузнецова,backend_developer,junior,0.8,backend_python,"{""API Design"": 1, ""CI/CD"": 2, ""Data Analysis"": 1, ""Django"": 0, ""Docker"": 2, ""FastAPI"": 1, ""HTML/CSS"": 1, ""Kubernetes"": 2, ""Machine Learning"": 0, ""Monitoring"": 1, ""Next.js"": 0, ""PostgreSQL"": 1, ""PyTorch"": 1, ""Python"": 3, ""React"": 1, ""Redis"": 2, ""Security"": 1, ""System Design"": 1, ""Testing"": 3, ""TypeScript"": 1, ""backend_architecture"": 2, ""code_review"": 2, ""communication"": 0, ""data_pipelines"": 0, ""devops_operations"": 0, ""documentation"": 1, ""frontend_architecture"": 0, ""mentoring"": 1, ""ml_experimentation"": 1, ""ownership"": 0, ""planning"": 0, ""product_thinking"": 2, ""qa_strategy"": 1, ""risk_management"": 2, ""team_coordination"": 0}",0.776,5,0.717,0.616,0.655,"[""FastAPI"", ""documentation""]",1,available,Europe/Berlin
EMP-004,,Дмитрий Соколов,backend_developer,junior,0.8,backend_python,"{""API Design"": 2, ""CI/CD"": 1, ""Data Analysis"": 1, ""Django"": 1, ""Docker"": 3, ""FastAPI"": 1, ""HTML/CSS"": 1, ""Kubernetes"": 1, ""Machine Learning"": 2, ""Monitoring"": 2, ""Next.js"": 1, ""PostgreSQL"": 2, ""PyTorch"": 2, ""Python"": 3, ""React"": 0, ""Redis"": 2, ""Security"": 1, ""System Design"": 2, ""Testing"": 3, ""TypeScript"": 0, ""backend_architecture"": 0, ""code_review"": 1, ""communication"": 1, ""data_pipelines"": 1, ""devops_operations"": 1, ""documentation"": 0, ""frontend_architecture"": 0, ""mentoring"": 1, ""ml_experimentation"": 0, ""ownership"": 1, ""planning"": 0, ""product_thinking"": 0, ""qa_strategy"": 1, ""risk_management"": 0, ""team_coordination"": 0}",0.252,3,0.531,0.659,0.912,"[""System Design"", ""code_review""]",0,available,Europe/Berlin
EMP-005,,Екатерина Новикова,backend_developer,middle,4.8,backend_python,"{""API Design"": 2, ""CI/CD"": 1, ""Data Analysis"": 1, ""Django"": 0, ""Docker"": 3, ""FastAPI"": 3, ""HTML/CSS"": 0, ""Kubernetes"": 1, ""Machine Learning"": 2, ""Monitoring"": 2, ""Next.js"": 2, ""PostgreSQL"": 2, ""PyTorch"": 0, ""Python"": 4, ""React"": 1, ""Redis"": 4, ""Security"": 2, ""System Design"": 3, ""Testing"": 2, ""TypeScript"": 1, ""backend_architecture"": 0, ""code_review"": 2, ""communication"": 1, ""data_pipelines"": 1, ""devops_operations"": 0, ""documentation"": 3, ""frontend_architecture"": 0, ""mentoring"": 0, ""ml_experimentation"": 0, ""ownership"": 1, ""planning"": 0, ""product_thinking"": 2, ""qa_strategy"": 1, ""risk_management"": 1, ""team_coordination"": 1}",0.845,9,0.598,0.716,0.666,"[""CI/CD"", ""Monitoring"", ""Testing""]",3,available,Europe/Berlin
EMP-006,,Максим Орлов,backend_developer,middle,4.8,backend_python,"{""API Design"": 3, ""CI/CD"": 1, ""Data Analysis"": 0, ""Django"": 0, ""Docker"": 2, ""FastAPI"": 3, ""HTML/CSS"": 2, ""Kubernetes"": 1, ""Machine Learning"": 1, ""Monitoring"": 1, ""Next.js"": 0, ""PostgreSQL"": 3, ""PyTorch"": 1, ""Python"": 4, ""React"": 2, ""Redis"": 3, ""Security"": 2, ""System Design"": 2, ""Testing"": 3, ""TypeScript"": 1, ""backend_architecture"": 0, ""code_review"": 3, ""communication"": 0, ""data_pipelines"": 0, ""devops_operations"": 0, ""documentation"": 2, ""frontend_architecture"": 1, ""mentoring"": 0, ""ml_experimentation"": 1, ""ownership"": 1, ""planning"": 0, ""product_thinking"": 1, ""qa_strategy"": 1, ""risk_management"": 1, ""team_coordination"": 2}",0.557,3,0.774,0.741,0.745,"[""CI/CD"", ""Security""]",1,available,Europe/Berlin
EMP-007,,Ольга Волкова,backend_developer,middle,4.5,backend_python,"{""API Design"": 2, ""CI/CD"": 3, ""Data Analysis"": 1, ""Django"": 1, ""Docker"": 3, ""FastAPI"": 2, ""HTML/CSS"": 0, ""Kubernetes"": 0, ""Machine Learning"": 2, ""Monitoring"": 1, ""Next.js"": 0, ""PostgreSQL"": 3, ""PyTorch"": 0, ""Python"": 2, ""React"": 0, ""Redis"": 3, ""Security"": 2, ""System Design"": 3, ""Testing"": 3, ""TypeScript"": 0, ""backend_architecture"": 0, ""code_review"": 2, ""communication"": 0, ""data_pipelines"": 0, ""devops_operations"": 2, ""documentation"": 2, ""frontend_architecture"": 2, ""mentoring"": 0, ""ml_experimentation"": 2, ""ownership"": 0, ""planning"": 0, ""product_thinking"": 0, ""qa_strategy"": 0, ""risk_management"": 1, ""team_coordination"": 1}",0.672,3,0.7,0.819,0.902,"[""FastAPI"", ""PostgreSQL"", ""Python"", ""documentation""]",3,available,Europe/Berlin
EMP-008,,Алексей Морозов,backend_developer,middle,4.4,backend_python,"{""API Design"": 4, ""CI/CD"": 2, ""Data Analysis"": 2, ""Django"": 1, ""Docker"": 3, ""FastAPI"": 3, ""HTML/CSS"": 0, ""Kubernetes"": 0, ""Machine Learning"": 0, ""Monitoring"": 2, ""Next.js"": 0, ""PostgreSQL"": 3, ""PyTorch"": 0, ""Python"": 2, ""React"": 0, ""Redis"": 4, ""Security"": 2, ""System Design"": 3, ""Testing"": 3, ""TypeScript"": 0, ""backend_architecture"": 2, ""code_review"": 2, ""communication"": 0, ""data_pipelines"": 0, ""devops_operations"": 0, ""documentation"": 2, ""frontend_architecture"": 0, ""mentoring"": 0, ""ml_experimentation"": 2, ""ownership"": 1, ""planning"": 1, ""product_thinking"": 1, ""qa_strategy"": 0, ""risk_management"": 2, ""team_coordination"": 0}",0.872,7,0.54,0.719,0.684,"[""FastAPI"", ""Python"", ""System Design"", ""Testing""]",3,partially_available,Europe/Berlin
EMP-009,,Наталья Фёдорова,backend_developer,middle,2.6,backend_python,"{""API Design"": 2, ""CI/CD"": 3, ""Data Analysis"": 1, ""Django"": 0, ""Docker"": 3, ""FastAPI"": 3, ""HTML/CSS"": 1, ""Kubernetes"": 2, ""Machine Learning"": 0, ""Monitoring"": 1, ""Next.js"": 1, ""PostgreSQL"": 2, ""PyTorch"": 0, ""Python"": 3, ""React"": 0, ""Redis"": 4, ""Security"": 2, ""System Design"": 4, ""Testing"": 2, ""TypeScript"": 1, ""backend_architecture"": 2, ""code_review"": 2, ""communication"": 0, ""data_pipelines"": 0, ""devops_operations"": 1, ""documentation"": 2, ""frontend_architecture"": 0, ""mentoring"": 0, ""ml_experimentation"": 2, ""ownership"": 1, ""planning"": 2, ""product_thinking"": 0, ""qa_strategy"": 1, ""risk_management"": 0, ""team_coordination"": 1}",0.783,7,0.629,0.673,0.693,"[""CI/CD"", ""Docker"", ""Testing""]",2,available,Europe/Berlin
EMP-010,,Сергей Павлов,backend_developer,middle,4.7,backend_python,"{""API Design"": 3, ""CI/CD"": 1, ""Data Analysis"": 0, ""Django"": 1, ""Docker"": 3, ""FastAPI"": 4, ""HTML/CSS"": 2, ""Kubernetes"": 2, ""Machine Learning"": 2, ""Monitoring"": 2, ""Next.js"": 1, ""PostgreSQL"": 3, ""PyTorch"": 0, ""Python"": 4, ""React"": 0, ""Redis"": 4, ""Security"": 1, ""System Design"": 3, ""Testing"": 3, ""TypeScript"": 0, ""backend_architecture"": 1, ""code_review"": 3, ""communication"": 0, ""data_pipelines"": 2, ""devops_operations"": 1, ""documentation"": 1, ""frontend_architecture"": 0, ""mentoring"": 1, ""ml_experimentation"": 1, ""ownership"": 0, ""planning"": 1, ""product_thinking"": 1, ""qa_strategy"": 2, ""risk_management"": 2, ""team_coordination"": 0}",0.275,3,0.449,0.846,0.931,"[""API Design"", ""CI/CD"", ""Security""]",1,available,Europe/Berlin
EMP-011,,Полина Васильева,backend_developer,senior,5.8,backend_python,"{""API Design"": 4, ""CI/CD"": 3, ""Data Analysis"": 0, ""Django"": 1, ""Docker"": 5, ""FastAPI"": 5, ""HTML/CSS"": 0, ""Kubernetes"": 1, ""Machine Learning"": 1, ""Monitoring"": 3, ""Next.js"": 2, ""PostgreSQL"": 5, ""PyTorch"": 0, ""Python"": 5, ""React"": 0, ""Redis"": 4, ""Security"": 3, ""System Design"": 4, ""Testing"": 5, ""TypeScript"": 0, ""backend_architecture"": 2, ""code_review"": 3, ""communication"": 0, ""data_pipelines"": 0, ""devops_operations"": 1, ""documentation"": 3, ""frontend_architecture"": 0, ""mentoring"": 0, ""ml_experimentation"": 0, ""ownership"": 1, ""planning"": 0, ""product_thinking"": 1, ""qa_strategy"": 2, ""risk_management"": 1, ""team_coordination"": 0}",0.525,4,0.939,1.0,0.951,"[""Monitoring"", ""Security"", ""documentation""]",3,available,Europe/Berlin
EMP-012,,Артём Михайлов,backend_developer,senior,6.0,backend_python,"{""API Design"": 3, ""CI/CD"": 3, ""Data Analysis"": 1, ""Django"": 0, ""Docker"": 5, ""FastAPI"": 5, ""HTML/CSS"": 2, ""Kubernetes"": 0, ""Machine Learning"": 0, ""Monitoring"": 2, ""Next.js"": 2, ""PostgreSQL"": 4, ""PyTorch"": 1, ""Python"": 4, ""React"": 1, ""Redis"": 5, ""Security"": 2, ""System Design"": 5, ""Testing"": 5, ""TypeScript"": 0, ""backend_architecture"": 1, ""code_review"": 3, ""communication"": 2, ""data_pipelines"": 1, ""devops_operations"": 0, ""documentation"": 4, ""frontend_architecture"": 0, ""mentoring"": 0, ""ml_experimentation"": 0, ""ownership"": 1, ""planning"": 0, ""product_thinking"": 1, ""qa_strategy"": 0, ""risk_management"": 0, ""team_coordination"": 0}",0.825,4,0.885,0.955,0.657,"[""API Design"", ""Monitoring"", ""code_review""]",4,available,Europe/Berlin
EMP-013,,Ксения Лебедева,backend_developer,senior,7.8,backend_python,"{""API Design"": 4, ""CI/CD"": 2, ""Data Analysis"": 1, ""Django"": 0, ""Docker"": 4, ""FastAPI"": 4, ""HTML/CSS"": 2, ""Kubernetes"": 1, ""Machine Learning"": 2, ""Monitoring"": 3, ""Next.js"": 1, ""PostgreSQL"": 3, ""PyTorch"": 2, ""Python"": 3, ""React"": 2, ""Redis"": 3, ""Security"": 2, ""System Design"": 3, ""Testing"": 4, ""TypeScript"": 1, ""backend_architecture"": 2, ""code_review"": 3, ""communication"": 1, ""data_pipelines"": 1, ""devops_operations"": 0, ""documentation"": 4, ""frontend_architecture"": 0, ""mentoring"": 0, ""ml_experimentation"": 1, ""ownership"": 0, ""planning"": 0, ""product_thinking"": 1, ""qa_strategy"": 0, ""risk_management"": 1, ""team_coordination"": 0}",0.824,6,0.529,0.871,0.825,"[""Python"", ""Security"", ""System Design""]",4,available,Europe/Berlin
EMP-014,,Никита Егоров,backend_developer,senior,7.7,backend_python,"{""API Design"": 4, ""CI/CD"": 3, ""Data Analysis"": 0, ""Django"": 0, ""Docker"": 4, ""FastAPI"": 5, ""HTML/CSS"": 1, ""Kubernetes"": 0, ""Machine Learning"": 0, ""Monitoring"": 3, ""Next.js"": 0, ""PostgreSQL"": 5, ""PyTorch"": 0, ""Python"": 4, ""React"": 1, ""Redis"": 5, ""Security"": 2, ""System Design"": 3, ""Testing"": 4, ""TypeScript"": 0, ""backend_architecture"": 2, ""code_review"": 3, ""communication"": 0, ""data_pipelines"": 1, ""devops_operations"": 0, ""documentation"": 4, ""frontend_architecture"": 2, ""mentoring"": 1, ""ml_experimentation"": 0, ""ownership"": 2, ""planning"": 2, ""product_thinking"": 0, ""qa_strategy"": 1, ""risk_management"": 1, ""team_coordination"": 0}",0.473,3,0.77,0.818,0.823,"[""CI/CD"", ""System Design"", ""code_review""]",4,available,Europe/Berlin
EMP-015,,Виктория Захарова,frontend_developer,junior,1.7,frontend_react,"{""API Design"": 2, ""CI/CD"": 0, ""Data Analysis"": 0, ""Django"": 1, ""Docker"": 1, ""FastAPI"": 2, ""HTML/CSS"": 2, ""Kubernetes"": 1, ""Machine Learning"": 0, ""Monitoring"": 0, ""Next.js"": 2, ""PostgreSQL"": 0, ""PyTorch"": 0, ""Python"": 0, ""React"": 2, ""Redis"": 2, ""Security"": 0, ""System Design"": 0, ""Testing"": 2, ""TypeScript"": 1, ""backend_architecture"": 0, ""code_review"": 0, ""communication"": 1, ""data_pipelines"": 1, ""devops_operations"": 0, ""documentation"": 2, ""frontend_architecture"": 2, ""mentoring"": 0, ""ml_experimentation"": 0, ""ownership"": 2, ""planning"": 0, ""product_thinking"": 0, ""qa_strategy"": 1, ""risk_management"": 1, ""team_coordination"": 0}",0.898,6,0.453,0.714,0.837,"[""communication"", ""documentation""]",1,partially_available,Europe/Berlin
EMP-016,,Роман Киселёв,frontend_developer,junior,1.5,frontend_react,"{""API Design"": 2, ""CI/CD"": 2, ""Data Analysis"": 0, ""Django"": 0, ""Docker"": 0, ""FastAPI"": 1, ""HTML/CSS"": 2, ""Kubernetes"": 1, ""Machine Learning"": 0, ""Monitoring"": 0, ""Next.js"": 2, ""PostgreSQL"": 1, ""PyTorch"": 0, ""Python"": 1, ""React"": 1, ""Redis"": 1, ""Security"": 0, ""System Design"": 1, ""Testing"": 2, ""TypeScript"": 1, ""backend_architecture"": 0, ""code_review"": 1, ""communication"": 0, ""data_pipelines"": 1, ""devops_operations"": 2, ""documentation"": 2, ""frontend_architecture"": 1, ""mentoring"": 1, ""ml_experimentation"": 0, ""ownership"": 1, ""planning"": 0, ""product_thinking"": 0, ""qa_strategy"": 2, ""risk_management"": 0, ""team_coordination"": 0}",0.794,9,0.639,0.949,0.619,"[""HTML/CSS"", ""Testing"", ""TypeScript"", ""code_review""]",1,available,Europe/Berlin
EMP-017,,Алиса Белова,frontend_developer,junior,1.1,frontend_react,"{""API Design"": 1, ""CI/CD"": 2, ""Data Analysis"": 0, ""Django"": 2, ""Docker"": 1, ""FastAPI"": 0, ""HTML/CSS"": 1, ""Kubernetes"": 1, ""Machine Learning"": 1, ""Monitoring"": 0, ""Next.js"": 1, ""PostgreSQL"": 1, ""PyTorch"": 0, ""Python"": 2, ""React"": 3, ""Redis"": 0, ""Security"": 2, ""System Design"": 0, ""Testing"": 3, ""TypeScript"": 3, ""backend_architecture"": 2, ""code_review"": 1, ""communication"": 0, ""data_pipelines"": 0, ""devops_operations"": 1, ""documentation"": 0, ""frontend_architecture"": 2, ""mentoring"": 0, ""ml_experimentation"": 1, ""ownership"": 2, ""planning"": 1, ""product_thinking"": 2, ""qa_strategy"": 0, ""risk_management"": 1, ""team_coordination"": 1}",0.974,6,0.581,0.673,0.761,"[""TypeScript"", ""code_review""]",1,unavailable,Europe/Berlin
EMP-018,,Андрей Громов,frontend_developer,middle,4.5,frontend_react,"{""API Design"": 2, ""CI/CD"": 1, ""Data Analysis"": 1, ""Django"": 0, ""Docker"": 1, ""FastAPI"": 0, ""HTML/CSS"": 3, ""Kubernetes"": 0, ""Machine Learning"": 2, ""Monitoring"": 0, ""Next.js"": 2, ""PostgreSQL"": 0, ""PyTorch"": 1, ""Python"": 0, ""React"": 4, ""Redis"": 1, ""Security"": 1, ""System Design"": 0, ""Testing"": 3, ""TypeScript"": 4, ""backend_architecture"": 1, ""code_review"": 1, ""communication"": 2, ""data_pipelines"": 0, ""devops_operations"": 1, ""documentation"": 3, ""frontend_architecture"": 2, ""mentoring"": 1, ""ml_experimentation"": 0, ""ownership"": 0, ""planning"": 0, ""product_thinking"": 0, ""qa_strategy"": 2, ""risk_management"": 2, ""team_coordination"": 1}",0.467,2,0.577,0.755,0.78,"[""API Design"", ""communication"", ""documentation""]",2,available,Europe/Berlin
EMP-019,,Елена Романова,frontend_developer,middle,4.5,frontend_react,"{""API Design"": 3, ""CI/CD"": 0, ""Data Analysis"": 1, ""Django"": 0, ""Docker"": 0, ""FastAPI"": 0, ""HTML/CSS"": 3, ""Kubernetes"": 1, ""Machine Learning"": 1, ""Monitoring"": 1, ""Next.js"": 3, ""PostgreSQL"": 0, ""PyTorch"": 1, ""Python"": 2, ""React"": 3, ""Redis"": 1, ""Security"": 1, ""System Design"": 0, ""Testing"": 4, ""TypeScript"": 2, ""backend_architecture"": 0, ""code_review"": 2, ""communication"": 3, ""data_pipelines"": 0, ""devops_operations"": 1, ""documentation"": 2, ""frontend_architecture"": 3, ""mentoring"": 0, ""ml_experimentation"": 2, ""ownership"": 1, ""planning"": 1, ""product_thinking"": 2, ""qa_strategy"": 0, ""risk_management"": 1, ""team_coordination"": 1}",0.599,7,0.709,0.781,0.766,"[""Next.js"", ""code_review""]",3,available,Europe/Berlin
EMP-020,,Михаил Андреев,frontend_developer,middle,3.1,frontend_react,"{""API Design"": 2, ""CI/CD"": 2, ""Data Analysis"": 2, ""Django"": 0, ""Docker"": 0, ""FastAPI"": 0, ""HTML/CSS"": 4, ""Kubernetes"": 1, ""Machine Learning"": 1, ""Monitoring"": 0, ""Next.js"": 3, ""PostgreSQL"": 1, ""PyTorch"": 1, ""Python"": 2, ""React"": 4, ""Redis"": 0, ""Security"": 0, ""System Design"": 1, ""Testing"": 3, ""TypeScript"": 2, ""backend_architecture"": 2, ""code_review"": 3, ""communication"": 2, ""data_pipelines"": 0, ""devops_operations"": 0, ""documentation"": 1, ""frontend_architecture"": 1, ""mentoring"": 2, ""ml_experimentation"": 2, ""ownership"": 0, ""planning"": 0, ""product_thinking"": 0, ""qa_strategy"": 1, ""risk_management"": 2, ""team_coordination"": 0}",0.417,3,0.628,0.814,0.633,"[""API Design"", ""Next.js"", ""documentation"", ""frontend_architecture""]",3,available,Europe/Berlin
EMP-021,,Юлия Захарова,frontend_developer,middle,4.6,frontend_react,"{""API Design"": 4, ""CI/CD"": 1, ""Data Analysis"": 0, ""Django"": 2, ""Docker"": 0, ""FastAPI"": 1, ""HTML/CSS"": 3, ""Kubernetes"": 2, ""Machine Learning"": 1, ""Monitoring"": 0, ""Next.js"": 3, ""PostgreSQL"": 0, ""PyTorch"": 0, ""Python"": 0, ""React"": 2, ""Redis"": 1, ""Security"": 1, ""System Design"": 2, ""Testing"": 2, ""TypeScript"": 4, ""backend_architecture"": 1, ""code_review"": 1, ""communication"": 2, ""data_pipelines"": 0, ""devops_operations"": 0, ""documentation"": 3, ""frontend_architecture"": 2, ""mentoring"": 1, ""ml_experimentation"": 2, ""ownership"": 0, ""planning"": 0, ""product_thinking"": 0, ""qa_strategy"": 1, ""risk_management"": 1, ""team_coordination"": 2}",0.402,4,0.987,0.57,0.725,"[""Next.js"", ""code_review""]",2,available,Europe/Berlin
EMP-022,,Павел Волков,frontend_developer,senior,5.1,frontend_react,"{""API Design"": 4, ""CI/CD"": 0, ""Data Analysis"": 0, ""Django"": 0, ""Docker"": 1, ""FastAPI"": 0, ""HTML/CSS"": 4, ""Kubernetes"": 0, ""Machine Learning"": 0, ""Monitoring"": 1, ""Next.js"": 4, ""PostgreSQL"": 1, ""PyTorch"": 1, ""Python"": 2, ""React"": 4, ""Redis"": 0, ""Security"": 0, ""System Design"": 1, ""Testing"": 5, ""TypeScript"": 3, ""backend_architecture"": 0, ""code_review"": 3, ""communication"": 3, ""data_pipelines"": 2, ""devops_operations"": 2, ""documentation"": 3, ""frontend_architecture"": 3, ""mentoring"": 1, ""ml_experimentation"": 2, ""ownership"": 0, ""planning"": 0, ""product_thinking"": 1, ""qa_strategy"": 0, ""risk_management"": 1, ""team_coordination"": 1}",0.637,5,0.719,0.914,0.764,"[""TypeScript"", ""code_review"", ""communication"", ""frontend_architecture""]",3,available,Europe/Berlin
EMP-023,,Дарья Соловьёва,frontend_developer,senior,5.9,frontend_react,"{""API Design"": 4, ""CI/CD"": 0, ""Data Analysis"": 1, ""Django"": 2, ""Docker"": 0, ""FastAPI"": 0, ""HTML/CSS"": 3, ""Kubernetes"": 2, ""Machine Learning"": 0, ""Monitoring"": 0, ""Next.js"": 4, ""PostgreSQL"": 1, ""PyTorch"": 0, ""Python"": 2, ""React"": 5, ""Redis"": 2, ""Security"": 1, ""System Design"": 1, ""Testing"": 3, ""TypeScript"": 3, ""backend_architecture"": 0, ""code_review"": 3, ""communication"": 4, ""data_pipelines"": 1, ""devops_operations"": 0, ""documentation"": 4, ""frontend_architecture"": 4, ""mentoring"": 2, ""ml_experimentation"": 0, ""ownership"": 0, ""planning"": 1, ""product_thinking"": 2, ""qa_strategy"": 1, ""risk_management"": 2, ""team_coordination"": 0}",0.533,4,0.888,1.0,0.745,"[""Testing"", ""TypeScript"", ""code_review""]",3,available,Europe/Berlin
EMP-024,,Илья Комаров,qa_engineer,junior,1.3,qa_automation,"{""API Design"": 1, ""CI/CD"": 1, ""Data Analysis"": 0, ""Django"": 0, ""Docker"": 1, ""FastAPI"": 0, ""HTML/CSS"": 1, ""Kubernetes"": 0, ""Machine Learning"": 0, ""Monitoring"": 1, ""Next.js"": 0, ""PostgreSQL"": 0, ""PyTorch"": 1, ""Python"": 0, ""React"": 0, ""Redis"": 0, ""Security"": 0, ""System Design"": 0, ""Testing"": 2, ""TypeScript"": 1, ""backend_architecture"": 0, ""code_review"": 2, ""communication"": 1, ""data_pipelines"": 1, ""devops_operations"": 0, ""documentation"": 1, ""frontend_architecture"": 0, ""mentoring"": 0, ""ml_experimentation"": 0, ""ownership"": 0, ""planning"": 0, ""product_thinking"": 0, ""qa_strategy"": 1, ""risk_management"": 2, ""team_coordination"": 0}",0.297,3,0.67,0.722,0.743,"[""CI/CD"", ""Python"", ""Testing"", ""risk_management""]",0,available,Europe/Berlin
EMP-025,,Анастасия Беляева,qa_engineer,middle,2.9,qa_automation,"{""API Design"": 3, ""CI/CD"": 2, ""Data Analysis"": 0, ""Django"": 1, ""Docker"": 0, ""FastAPI"": 1, ""HTML/CSS"": 0, ""Kubernetes"": 1, ""Machine Learning"": 0, ""Monitoring"": 2, ""Next.js"": 0, ""PostgreSQL"": 1, ""PyTorch"": 0, ""Python"": 1, ""React"": 2, ""Redis"": 2, ""Security"": 1, ""System Design"": 1, ""Testing"": 3, ""TypeScript"": 1, ""backend_architecture"": 1, ""code_review"": 2, ""communication"": 1, ""data_pipelines"": 1, ""devops_operations"": 1, ""documentation"": 2, ""frontend_architecture"": 1, ""mentoring"": 1, ""ml_experimentation"": 0, ""ownership"": 1, ""planning"": 0, ""product_thinking"": 1, ""qa_strategy"": 2, ""risk_management"": 3, ""team_coordination"": 1}",0.747,5,0.725,0.687,0.884,"[""CI/CD"", ""Monitoring"", ""Python"", ""Testing""]",2,available,Europe/Berlin
EMP-026,,Кирилл Никитин,qa_engineer,middle,2.9,qa_automation,"{""API Design"": 3, ""CI/CD"": 2, ""Data Analysis"": 0, ""Django"": 0, ""Docker"": 2, ""FastAPI"": 2, ""HTML/CSS"": 1, ""Kubernetes"": 1, ""Machine Learning"": 1, ""Monitoring"": 3, ""Next.js"": 0, ""PostgreSQL"": 1, ""PyTorch"": 1, ""Python"": 2, ""React"": 2, ""Redis"": 0, ""Security"": 0, ""System Design"": 0, ""Testing"": 3, ""TypeScript"": 0, ""backend_architecture"": 1, ""code_review"": 0, ""communication"": 0, ""data_pipelines"": 1, ""devops_operations"": 2, ""documentation"": 3, ""frontend_architecture"": 1, ""mentoring"": 1, ""ml_experimentation"": 2, ""ownership"": 0, ""planning"": 0, ""product_thinking"": 0, ""qa_strategy"": 1, ""risk_management"": 3, ""team_coordination"": 0}",0.611,4,0.751,0.649,0.717,"[""CI/CD"", ""documentation""]",2,available,Europe/Berlin
EMP-027,,Валерия Фомина,qa_engineer,senior,5.8,qa_automation,"{""API Design"": 5, ""CI/CD"": 4, ""Data Analysis"": 2, ""Django"": 1, ""Docker"": 0, ""FastAPI"": 1, ""HTML/CSS"": 0, ""Kubernetes"": 0, ""Machine Learning"": 1, ""Monitoring"": 3, ""Next.js"": 2, ""PostgreSQL"": 0, ""PyTorch"": 1, ""Python"": 3, ""React"": 1, ""Redis"": 0, ""Security"": 0, ""System Design"": 1, ""Testing"": 4, ""TypeScript"": 0, ""backend_architecture"": 1, ""code_review"": 0, ""communication"": 1, ""data_pipelines"": 0, ""devops_operations"": 1, ""documentation"": 5, ""frontend_architecture"": 2, ""mentoring"": 0, ""ml_experimentation"": 0, ""ownership"": 0, ""planning"": 0, ""product_thinking"": 1, ""qa_strategy"": 3, ""risk_management"": 5, ""team_coordination"": 0}",0.121,1,0.696,0.789,0.957,"[""Monitoring"", ""Python""]",4,available,Europe/Berlin
EMP-028,,Денис Макаров,data_ml_engineer,junior,1.3,data_ml,"{""API Design"": 0, ""CI/CD"": 0, ""Data Analysis"": 3, ""Django"": 1, ""Docker"": 2, ""FastAPI"": 0, ""HTML/CSS"": 1, ""Kubernetes"": 1, ""Machine Learning"": 1, ""Monitoring"": 1, ""Next.js"": 2, ""PostgreSQL"": 0, ""PyTorch"": 2, ""Python"": 3, ""React"": 1, ""Redis"": 0, ""Security"": 2, ""System Design"": 1, ""Testing"": 1, ""TypeScript"": 2, ""backend_architecture"": 1, ""code_review"": 0, ""communication"": 0, ""data_pipelines"": 3, ""devops_operations"": 2, ""documentation"": 0, ""frontend_architecture"": 1, ""mentoring"": 1, ""ml_experimentation"": 2, ""ownership"": 0, ""planning"": 1, ""product_thinking"": 0, ""qa_strategy"": 0, ""risk_management"": 1, ""team_coordination"": 0}",0.45,2,0.7,0.625,0.662,"[""Machine Learning"", ""documentation""]",0,available,Europe/Berlin
EMP-029,,Софья Гусева,data_ml_engineer,middle,2.3,data_ml,"{""API Design"": 0, ""CI/CD"": 2, ""Data Analysis"": 3, ""Django"": 2, ""Docker"": 3, ""FastAPI"": 0, ""HTML/CSS"": 1, ""Kubernetes"": 2, ""Machine Learning"": 3, ""Monitoring"": 1, ""Next.js"": 2, ""PostgreSQL"": 3, ""PyTorch"": 4, ""Python"": 2, ""React"": 1, ""Redis"": 1, ""Security"": 2, ""System Design"": 1, ""Testing"": 2, ""TypeScript"": 2, ""backend_architecture"": 0, ""code_review"": 0, ""communication"": 0, ""data_pipelines"": 2, ""devops_operations"": 0, ""documentation"": 1, ""frontend_architecture"": 1, ""mentoring"": 1, ""ml_experimentation"": 2, ""ownership"": 0, ""planning"": 1, ""product_thinking"": 0, ""qa_strategy"": 1, ""risk_management"": 0, ""team_coordination"": 0}",0.847,7,0.668,0.804,0.84,"[""Data Analysis"", ""PostgreSQL"", ""Testing""]",1,available,Europe/Berlin
EMP-030,,Тимофей Ковалёв,data_ml_engineer,middle,3.7,data_ml,"{""API Design"": 1, ""CI/CD"": 0, ""Data Analysis"": 3, ""Django"": 2, ""Docker"": 2, ""FastAPI"": 1, ""HTML/CSS"": 1, ""Kubernetes"": 2, ""Machine Learning"": 3, ""Monitoring"": 2, ""Next.js"": 1, ""PostgreSQL"": 2, ""PyTorch"": 4, ""Python"": 2, ""React"": 1, ""Redis"": 0, ""Security"": 1, ""System Design"": 0, ""Testing"": 2, ""TypeScript"": 1, ""backend_architecture"": 1, ""code_review"": 0, ""communication"": 0, ""data_pipelines"": 3, ""devops_operations"": 2, ""documentation"": 2, ""frontend_architecture"": 2, ""mentoring"": 2, ""ml_experimentation"": 3, ""ownership"": 2, ""planning"": 0, ""product_thinking"": 2, ""qa_strategy"": 1, ""risk_management"": 0, ""team_coordination"": 1}",0.883,5,0.782,1.0,0.742,"[""Data Analysis"", ""documentation""]",2,partially_available,Europe/Berlin
EMP-031,,Вероника Миронова,data_ml_engineer,senior,6.0,data_ml,"{""API Design"": 0, ""CI/CD"": 0, ""Data Analysis"": 4, ""Django"": 0, ""Docker"": 3, ""FastAPI"": 1, ""HTML/CSS"": 0, ""Kubernetes"": 0, ""Machine Learning"": 3, ""Monitoring"": 1, ""Next.js"": 1, ""PostgreSQL"": 2, ""PyTorch"": 4, ""Python"": 5, ""React"": 0, ""Redis"": 0, ""Security"": 2, ""System Design"": 1, ""Testing"": 3, ""TypeScript"": 0, ""backend_architecture"": 1, ""code_review"": 1, ""communication"": 1, ""data_pipelines"": 4, ""devops_operations"": 2, ""documentation"": 3, ""frontend_architecture"": 0, ""mentoring"": 2, ""ml_experimentation"": 4, ""ownership"": 0, ""planning"": 0, ""product_thinking"": 1, ""qa_strategy"": 0, ""risk_management"": 1, ""team_coordination"": 0}",0.603,5,0.594,0.843,0.682,"[""Docker"", ""Testing""]",5,available,Europe/Berlin
EMP-032,,Григорий Ларионов,devops_engineer,middle,2.1,devops_platform,"{""API Design"": 0, ""CI/CD"": 2, ""Data Analysis"": 2, ""Django"": 1, ""Docker"": 3, ""FastAPI"": 0, ""HTML/CSS"": 1, ""Kubernetes"": 3, ""Machine Learning"": 1, ""Monitoring"": 3, ""Next.js"": 2, ""PostgreSQL"": 3, ""PyTorch"": 0, ""Python"": 3, ""React"": 0, ""Redis"": 2, ""Security"": 3, ""System Design"": 0, ""Testing"": 0, ""TypeScript"": 0, ""backend_architecture"": 0, ""code_review"": 0, ""communication"": 1, ""data_pipelines"": 0, ""devops_operations"": 3, ""documentation"": 1, ""frontend_architecture"": 0, ""mentoring"": 0, ""ml_experimentation"": 1, ""ownership"": 1, ""planning"": 0, ""product_thinking"": 0, ""qa_strategy"": 1, ""risk_management"": 3, ""team_coordination"": 1}",0.969,11,0.903,0.842,0.564,"[""Docker"", ""Kubernetes"", ""PostgreSQL""]",2,unavailable,Europe/Berlin
EMP-033,,Милана Сафонова,devops_engineer,senior,6.4,devops_platform,"{""API Design"": 0, ""CI/CD"": 5, ""Data Analysis"": 2, ""Django"": 0, ""Docker"": 3, ""FastAPI"": 0, ""HTML/CSS"": 0, ""Kubernetes"": 4, ""Machine Learning"": 1, ""Monitoring"": 5, ""Next.js"": 0, ""PostgreSQL"": 3, ""PyTorch"": 1, ""Python"": 2, ""React"": 0, ""Redis"": 4, ""Security"": 3, ""System Design"": 0, ""Testing"": 0, ""TypeScript"": 0, ""backend_architecture"": 1, ""code_review"": 2, ""communication"": 2, ""data_pipelines"": 0, ""devops_operations"": 5, ""documentation"": 0, ""frontend_architecture"": 0, ""mentoring"": 1, ""ml_experimentation"": 0, ""ownership"": 1, ""planning"": 0, ""product_thinking"": 0, ""qa_strategy"": 1, ""risk_management"": 3, ""team_coordination"": 2}",0.779,9,0.794,0.861,0.836,"[""Docker"", ""Python"", ""risk_management""]",3,available,Europe/Berlin
EMP-034,,Владислав Титов,devops_engineer,senior,8.1,devops_platform,"{""API Design"": 0, ""CI/CD"": 5, ""Data Analysis"": 2, ""Django"": 2, ""Docker"": 3, ""FastAPI"": 1, ""HTML/CSS"": 0, ""Kubernetes"": 4, ""Machine Learning"": 1, ""Monitoring"": 3, ""Next.js"": 2, ""PostgreSQL"": 3, ""PyTorch"": 2, ""Python"": 2, ""React"": 1, ""Redis"": 3, ""Security"": 5, ""System Design"": 0, ""Testing"": 2, ""TypeScript"": 0, ""backend_architecture"": 0, ""code_review"": 0, ""communication"": 0, ""data_pipelines"": 1, ""devops_operations"": 4, ""documentation"": 0, ""frontend_architecture"": 1, ""mentoring"": 0, ""ml_experimentation"": 1, ""ownership"": 0, ""planning"": 0, ""product_thinking"": 0, ""qa_strategy"": 1, ""risk_management"": 3, ""team_coordination"": 2}",0.507,6,0.719,0.676,0.869,"[""PostgreSQL"", ""risk_management""]",4,available,Europe/Berlin
EMP-035,,Арина Королёва,team_lead,lead,10.9,team_management,"{""API Design"": 4, ""CI/CD"": 0, ""Data Analysis"": 1, ""Django"": 1, ""Docker"": 0, ""FastAPI"": 1, ""HTML/CSS"": 2, ""Kubernetes"": 0, ""Machine Learning"": 1, ""Monitoring"": 2, ""Next.js"": 0, ""PostgreSQL"": 0, ""PyTorch"": 2, ""Python"": 0, ""React"": 0, ""Redis"": 1, ""Security"": 1, ""System Design"": 4, ""Testing"": 0, ""TypeScript"": 0, ""backend_architecture"": 2, ""code_review"": 5, ""communication"": 4, ""data_pipelines"": 1, ""devops_operations"": 1, ""documentation"": 3, ""frontend_architecture"": 2, ""mentoring"": 4, ""ml_experimentation"": 0, ""ownership"": 5, ""planning"": 4, ""product_thinking"": 3, ""qa_strategy"": 2, ""risk_management"": 4, ""team_coordination"": 4}",0.243,1,0.724,0.886,0.768,"[""backend_architecture"", ""product_thinking""]",5,available,Europe/Berlin
EMP-036,,Матвей Фролов,team_lead,lead,10.6,team_management,"{""API Design"": 4, ""CI/CD"": 1, ""Data Analysis"": 0, ""Django"": 2, ""Docker"": 0, ""FastAPI"": 0, ""HTML/CSS"": 1, ""Kubernetes"": 0, ""Machine Learning"": 0, ""Monitoring"": 1, ""Next.js"": 1, ""PostgreSQL"": 0, ""PyTorch"": 0, ""Python"": 1, ""React"": 2, ""Redis"": 0, ""Security"": 0, ""System Design"": 4, ""Testing"": 1, ""TypeScript"": 0, ""backend_architecture"": 4, ""code_review"": 4, ""communication"": 5, ""data_pipelines"": 0, ""devops_operations"": 0, ""documentation"": 3, ""frontend_architecture"": 0, ""mentoring"": 4, ""ml_experimentation"": 2, ""ownership"": 4, ""planning"": 5, ""product_thinking"": 2, ""qa_strategy"": 2, ""risk_management"": 4, ""team_coordination"": 4}",0.935,11,0.891,0.862,0.804,"[""documentation"", ""product_thinking""]",5,partially_available,Europe/Berlin
